video_name,tag
/home/app/src/data/shot-type-dataset/trailer_v2/tt1376168/shot_0034.mp4,Pull
/home/app/src/data/shot-type-dataset/trailer_v2/tt1828968/shot_0050.mp4,Push
/home/app/src/data/shot-type-dataset/trailer_v2/tt0108289/shot_0022.mp4,Push
/home/app/src/data/shot-type-dataset/trailer_v2/tt0108289/shot_0042.mp4,Push
/home/app/src/data/shot-type-dataset/trailer_v2/tt2349952/shot_0053.mp4,Pull
/home/app/src/data/shot-type-dataset/trailer_v2/tt0069768/shot_0011.mp4,Pull
/home/app/src/data/shot-type-dataset/trailer_v2/tt0063172/shot_0036.mp4,Pull
/home/app/src/data/shot-type-dataset/trailer_v2/tt0080717/shot_0072.mp4,Pull
/home/app/src/data/shot-type-dataset/trailer_v2/tt0173369/shot_0135.mp4,Push
/home/app/src/data/shot-type-dataset/trailer_v2/tt1461432/shot_0049.mp4,Pull
/home/app/src/data/shot-type-dataset/trailer_v2/tt4175088/shot_0054.mp4,Push
/home/app/src/data/shot-type-dataset/trailer_v2/tt1327618/shot_0004.mp4,Pull
/home/app/src/data/shot-type-dataset/trailer_v2/tt1619030/shot_0039.mp4,Pull
/home/app/src/data/shot-type-dataset/trailer_v2/tt1592855/shot_0044.mp4,Pull
/home/app/src/data/shot-type-dataset/trailer_v2/tt1756447/shot_0018.mp4,Pull
/home/app/src/data/shot-type-dataset/trailer_v2/tt1560969/shot_0074.mp4,Pull
/home/app/src/data/shot-type-dataset/trailer_v2/tt2006810/shot_0023.mp4,Pull
/home/app/src/data/shot-type-dataset/trailer_v2/tt6039872/shot_0043.mp4,Pull
/home/app/src/data/shot-type-dataset/trailer_v2/tt3312830/shot_0038.mp4,Pull
/home/app/src/data/shot-type-dataset/trailer_v2/tt5980232/shot_0069.mp4,Pull
/home/app/src/data/shot-type-dataset/trailer_v2/tt3695114/shot_0013.mp4,Pull
/home/app/src/data/shot-type-dataset/trailer_v2/tt3695114/shot_0018.mp4,Pull
/home/app/src/data/shot-type-dataset/trailer_v2/tt0047673/shot_0004.mp4,Pull
/home/app/src/data/shot-type-dataset/trailer_v2/tt0348210/shot_0069.mp4,Pull
/home/app/src/data/shot-type-dataset/trailer_v2/tt0348210/shot_0091.mp4,Pull
/home/app/src/data/shot-type-dataset/trailer_v2/tt0348210/shot_0100.mp4,Pull
/home/app/src/data/shot-type-dataset/trailer_v2/tt2544074/shot_0004.mp4,Pull
/home/app/src/data/shot-type-dataset/trailer_v2/tt1823684/shot_0034.mp4,Pull
/home/app/src/data/shot-type-dataset/trailer_v2/tt2425852/shot_0026.mp4,Pull
/home/app/src/data/shot-type-dataset/trailer_v2/tt2296809/shot_0085.mp4,Pull
/home/app/src/data/shot-type-dataset/trailer_v2/tt5141494/shot_0063.mp4,Pull
/home/app/src/data/shot-type-dataset/trailer_v2/tt5141494/shot_0065.mp4,Pull
/home/app/src/data/shot-type-dataset/trailer_v2/tt3109072/shot_0034.mp4,Pull
/home/app/src/data/shot-type-dataset/trailer_v2/tt2578608/shot_0017.mp4,Pull
/home/app/src/data/shot-type-dataset/trailer_v2/tt1054631/shot_0044.mp4,Pull
/home/app/src/data/shot-type-dataset/trailer_v2/tt1860213/shot_0088.mp4,Pull
/home/app/src/data/shot-type-dataset/trailer_v2/tt3475058/shot_0004.mp4,Pull
/home/app/src/data/shot-type-dataset/trailer_v2/tt2078727/shot_0048.mp4,Pull
/home/app/src/data/shot-type-dataset/trailer_v2/tt2239034/shot_0010.mp4,Pull
/home/app/src/data/shot-type-dataset/trailer_v2/tt2239034/shot_0034.mp4,Pull
/home/app/src/data/shot-type-dataset/trailer_v2/tt2274248/shot_0054.mp4,Pull
/home/app/src/data/shot-type-dataset/trailer_v2/tt1941498/shot_0017.mp4,Pull
/home/app/src/data/shot-type-dataset/trailer_v2/tt3458220/shot_0010.mp4,Pull
/home/app/src/data/shot-type-dataset/trailer_v2/tt0277910/shot_0066.mp4,Pull
/home/app/src/data/shot-type-dataset/trailer_v2/tt0277910/shot_0119.mp4,Pull
/home/app/src/data/shot-type-dataset/trailer_v2/tt3057638/shot_0014.mp4,Push
/home/app/src/data/shot-type-dataset/trailer_v2/tt3057638/shot_0016.mp4,Push
/home/app/src/data/shot-type-dataset/trailer_v2/tt1559038/shot_0039.mp4,Pull
/home/app/src/data/shot-type-dataset/trailer_v2/tt3003620/shot_0017.mp4,Pull
/home/app/src/data/shot-type-dataset/trailer_v2/tt0116447/shot_0025.mp4,Push
/home/app/src/data/shot-type-dataset/trailer_v2/tt1582196/shot_0106.mp4,Pull
/home/app/src/data/shot-type-dataset/trailer_v2/tt4886338/shot_0024.mp4,Pull
/home/app/src/data/shot-type-dataset/trailer_v2/tt0431197/shot_0039.mp4,Pull
/home/app/src/data/shot-type-dataset/trailer_v2/tt0068655/shot_0015.mp4,Pull
/home/app/src/data/shot-type-dataset/trailer_v2/tt2101347/shot_0020.mp4,Pull
/home/app/src/data/shot-type-dataset/trailer_v2/tt3544008/shot_0061.mp4,Pull
/home/app/src/data/shot-type-dataset/trailer_v2/tt1629439/shot_0044.mp4,Pull
/home/app/src/data/shot-type-dataset/trailer_v2/tt0071615/shot_0028.mp4,Pull
/home/app/src/data/shot-type-dataset/trailer_v2/tt0071615/shot_0048.mp4,Pull
/home/app/src/data/shot-type-dataset/trailer_v2/tt4572820/shot_0032.mp4,Pull
/home/app/src/data/shot-type-dataset/trailer_v2/tt0408476/shot_0057.mp4,Pull
/home/app/src/data/shot-type-dataset/trailer_v2/tt2552296/shot_0022.mp4,Pull
/home/app/src/data/shot-type-dataset/trailer_v2/tt2281365/shot_0074.mp4,Pull
/home/app/src/data/shot-type-dataset/trailer_v2/tt1784365/shot_0002.mp4,Pull
/home/app/src/data/shot-type-dataset/trailer_v2/tt3954660/shot_0006.mp4,Pull
/home/app/src/data/shot-type-dataset/trailer_v2/tt2283748/shot_0076.mp4,Pull
/home/app/src/data/shot-type-dataset/trailer_v2/tt3784160/shot_0017.mp4,Pull
/home/app/src/data/shot-type-dataset/trailer_v2/tt3465186/shot_0027.mp4,Pull
/home/app/src/data/shot-type-dataset/trailer_v2/tt0087843/shot_0017.mp4,Push
/home/app/src/data/shot-type-dataset/trailer_v2/tt4339760/shot_0024.mp4,Pull
/home/app/src/data/shot-type-dataset/trailer_v2/tt5967998/shot_0034.mp4,Pull
/home/app/src/data/shot-type-dataset/trailer_v2/tt1674776/shot_0024.mp4,Pull
/home/app/src/data/shot-type-dataset/trailer_v2/tt0064755/shot_0009.mp4,Pull
/home/app/src/data/shot-type-dataset/trailer_v2/tt0314166/shot_0042.mp4,Pull
/home/app/src/data/shot-type-dataset/trailer_v2/tt0064860/shot_0061.mp4,Pull
/home/app/src/data/shot-type-dataset/trailer_v2/tt2342342/shot_0026.mp4,Push
/home/app/src/data/shot-type-dataset/trailer_v2/tt3989726/shot_0007.mp4,Pull
/home/app/src/data/shot-type-dataset/trailer_v2/tt3717242/shot_0045.mp4,Pull
/home/app/src/data/shot-type-dataset/trailer_v2/tt5777700/shot_0017.mp4,Pull
/home/app/src/data/shot-type-dataset/trailer_v2/tt2464822/shot_0037.mp4,Pull
/home/app/src/data/shot-type-dataset/trailer_v2/tt1412459/shot_0042.mp4,Push
/home/app/src/data/shot-type-dataset/trailer_v2/tt1412459/shot_0043.mp4,Push
/home/app/src/data/shot-type-dataset/trailer_v2/tt1412459/shot_0100.mp4,Push
/home/app/src/data/shot-type-dataset/trailer_v2/tt1669566/shot_0010.mp4,Pull
/home/app/src/data/shot-type-dataset/trailer_v2/tt0119472/shot_0068.mp4,Push
/home/app/src/data/shot-type-dataset/trailer_v2/tt0119472/shot_0072.mp4,Push
/home/app/src/data/shot-type-dataset/trailer_v2/tt3604944/shot_0015.mp4,Pull
/home/app/src/data/shot-type-dataset/trailer_v2/tt2386327/shot_0013.mp4,Push
/home/app/src/data/shot-type-dataset/trailer_v2/tt5111790/shot_0036.mp4,Pull
/home/app/src/data/shot-type-dataset/trailer_v2/tt0073000/shot_0003.mp4,Pull
/home/app/src/data/shot-type-dataset/trailer_v2/tt1579361/shot_0019.mp4,Pull
/home/app/src/data/shot-type-dataset/trailer_v2/tt4304450/shot_0008.mp4,Pull
/home/app/src/data/shot-type-dataset/trailer_v2/tt2088865/shot_0012.mp4,Push
/home/app/src/data/shot-type-dataset/trailer_v2/tt1542344/shot_0055.mp4,Push
/home/app/src/data/shot-type-dataset/trailer_v2/tt0079817/shot_0004.mp4,Push
/home/app/src/data/shot-type-dataset/trailer_v2/tt1715752/shot_0022.mp4,Push
/home/app/src/data/shot-type-dataset/trailer_v2/tt1562910/shot_0015.mp4,Push
/home/app/src/data/shot-type-dataset/trailer_v2/tt1562910/shot_0026.mp4,Push
/home/app/src/data/shot-type-dataset/trailer_v2/tt1562910/shot_0032.mp4,Push
/home/app/src/data/shot-type-dataset/trailer_v2/tt2871256/shot_0013.mp4,Push
/home/app/src/data/shot-type-dataset/trailer_v2/tt0406375/shot_0040.mp4,Push
/home/app/src/data/shot-type-dataset/trailer_v2/tt1845773/shot_0075.mp4,Push
/home/app/src/data/shot-type-dataset/trailer_v2/tt0072417/shot_0002.mp4,Push
/home/app/src/data/shot-type-dataset/trailer_v2/tt4066748/shot_0057.mp4,Push
/home/app/src/data/shot-type-dataset/trailer_v2/tt4424350/shot_0062.mp4,Push
/home/app/src/data/shot-type-dataset/trailer_v2/tt3522738/shot_0028.mp4,Push
/home/app/src/data/shot-type-dataset/trailer_v2/tt2578290/shot_0009.mp4,Push
/home/app/src/data/shot-type-dataset/trailer_v2/tt2578290/shot_0037.mp4,Push
/home/app/src/data/shot-type-dataset/trailer_v2/tt3172126/shot_0093.mp4,Push
/home/app/src/data/shot-type-dataset/trailer_v2/tt2136847/shot_0003.mp4,Push
/home/app/src/data/shot-type-dataset/trailer_v2/tt0066950/shot_0012.mp4,Push
/home/app/src/data/shot-type-dataset/trailer_v2/tt0066950/shot_0025.mp4,Push
/home/app/src/data/shot-type-dataset/trailer_v2/tt3853452/shot_0025.mp4,Push
/home/app/src/data/shot-type-dataset/trailer_v2/tt4127174/shot_0014.mp4,Push
/home/app/src/data/shot-type-dataset/trailer_v2/tt2344678/shot_0008.mp4,Push
/home/app/src/data/shot-type-dataset/trailer_v2/tt2992552/shot_0016.mp4,Push
/home/app/src/data/shot-type-dataset/trailer_v2/tt3005560/shot_0057.mp4,Push
/home/app/src/data/shot-type-dataset/trailer_v2/tt0870204/shot_0038.mp4,Push
/home/app/src/data/shot-type-dataset/trailer_v2/tt5875654/shot_0020.mp4,Push
/home/app/src/data/shot-type-dataset/trailer_v2/tt1727795/shot_0070.mp4,Push
/home/app/src/data/shot-type-dataset/trailer_v2/tt3850590/shot_0038.mp4,Push
/home/app/src/data/shot-type-dataset/trailer_v2/tt0093090/shot_0067.mp4,Push
/home/app/src/data/shot-type-dataset/trailer_v2/tt4178092/shot_0013.mp4,Push
/home/app/src/data/shot-type-dataset/trailer_v2/tt0109642/shot_0007.mp4,Push
/home/app/src/data/shot-type-dataset/trailer_v2/tt0109642/shot_0008.mp4,Push
/home/app/src/data/shot-type-dataset/trailer_v2/tt0109642/shot_0060.mp4,Push
/home/app/src/data/shot-type-dataset/trailer_v2/tt2202627/shot_0089.mp4,Push
/home/app/src/data/shot-type-dataset/trailer_v2/tt0064073/shot_0012.mp4,Push
/home/app/src/data/shot-type-dataset/trailer_v2/tt1961279/shot_0009.mp4,Push
/home/app/src/data/shot-type-dataset/trailer_v2/tt4303340/shot_0011.mp4,Push
/home/app/src/data/shot-type-dataset/trailer_v2/tt2450440/shot_0006.mp4,Push
/home/app/src/data/shot-type-dataset/trailer_v2/tt4437216/shot_0146.mp4,Push
/home/app/src/data/shot-type-dataset/trailer_v2/tt2166616/shot_0029.mp4,Push
/home/app/src/data/shot-type-dataset/trailer_v2/tt1640459/shot_0001.mp4,Push
/home/app/src/data/shot-type-dataset/trailer_v2/tt1640459/shot_0010.mp4,Push
/home/app/src/data/shot-type-dataset/trailer_v2/tt2536312/shot_0006.mp4,Push
/home/app/src/data/shot-type-dataset/trailer_v2/tt6043942/shot_0008.mp4,Push
/home/app/src/data/shot-type-dataset/trailer_v2/tt2065967/shot_0038.mp4,Push
/home/app/src/data/shot-type-dataset/trailer_v2/tt1222817/shot_0011.mp4,Push
/home/app/src/data/shot-type-dataset/trailer_v2/tt3441228/shot_0003.mp4,Push
/home/app/src/data/shot-type-dataset/trailer_v2/tt3007150/shot_0039.mp4,Push
/home/app/src/data/shot-type-dataset/trailer_v2/tt4323504/shot_0091.mp4,Push
/home/app/src/data/shot-type-dataset/trailer_v2/tt2625270/shot_0037.mp4,Push
/home/app/src/data/shot-type-dataset/trailer_v2/tt2170403/shot_0003.mp4,Push
/home/app/src/data/shot-type-dataset/trailer_v2/tt0082085/shot_0007.mp4,Push
/home/app/src/data/shot-type-dataset/trailer_v2/tt3702706/shot_0053.mp4,Push
/home/app/src/data/shot-type-dataset/trailer_v2/tt1344784/shot_0008.mp4,Push
/home/app/src/data/shot-type-dataset/trailer_v2/tt2762720/shot_0016.mp4,Push
/home/app/src/data/shot-type-dataset/trailer_v2/tt0082592/shot_0025.mp4,Push
/home/app/src/data/shot-type-dataset/trailer_v2/tt1334558/shot_0040.mp4,Push
/home/app/src/data/shot-type-dataset/trailer_v2/tt0344097/shot_0016.mp4,Push
/home/app/src/data/shot-type-dataset/trailer_v2/tt1641833/shot_0014.mp4,Push
/home/app/src/data/shot-type-dataset/trailer_v2/tt5116940/shot_0072.mp4,Push
/home/app/src/data/shot-type-dataset/trailer_v2/tt0141109/shot_0024.mp4,Push
/home/app/src/data/shot-type-dataset/trailer_v2/tt3775436/shot_0015.mp4,Push
/home/app/src/data/shot-type-dataset/trailer_v2/tt1773643/shot_0024.mp4,Push
/home/app/src/data/shot-type-dataset/trailer_v2/tt1773643/shot_0025.mp4,Push
/home/app/src/data/shot-type-dataset/trailer_v2/tt0245844/shot_0015.mp4,Push
/home/app/src/data/shot-type-dataset/trailer_v2/tt0120912/shot_0006.mp4,Push
/home/app/src/data/shot-type-dataset/trailer_v2/tt0120912/shot_0026.mp4,Push
/home/app/src/data/shot-type-dataset/trailer_v2/tt2056540/shot_0021.mp4,Push
/home/app/src/data/shot-type-dataset/trailer_v2/tt2056540/shot_0022.mp4,Push
/home/app/src/data/shot-type-dataset/trailer_v2/tt2102330/shot_0016.mp4,Push
/home/app/src/data/shot-type-dataset/trailer_v2/tt2102330/shot_0018.mp4,Push
/home/app/src/data/shot-type-dataset/trailer_v2/tt0117666/shot_0008.mp4,Push
/home/app/src/data/shot-type-dataset/trailer_v2/tt2295824/shot_0004.mp4,Push
/home/app/src/data/shot-type-dataset/trailer_v2/tt4807434/shot_0043.mp4,Push
/home/app/src/data/shot-type-dataset/trailer_v2/tt3102206/shot_0020.mp4,Push
/home/app/src/data/shot-type-dataset/trailer_v2/tt5981738/shot_0060.mp4,Push
/home/app/src/data/shot-type-dataset/trailer_v2/tt2287695/shot_0039.mp4,Push
/home/app/src/data/shot-type-dataset/trailer_v2/tt2287695/shot_0040.mp4,Push
/home/app/src/data/shot-type-dataset/trailer_v2/tt0066026/shot_0053.mp4,Push
/home/app/src/data/shot-type-dataset/trailer_v2/tt1942884/shot_0047.mp4,Push
/home/app/src/data/shot-type-dataset/trailer_v2/tt2245151/shot_0036.mp4,Push
/home/app/src/data/shot-type-dataset/trailer_v2/tt2268732/shot_0046.mp4,Push
/home/app/src/data/shot-type-dataset/trailer_v2/tt0113161/shot_0007.mp4,Push
/home/app/src/data/shot-type-dataset/trailer_v2/tt4179040/shot_0004.mp4,Push
/home/app/src/data/shot-type-dataset/trailer_v2/tt2125490/shot_0019.mp4,Push
/home/app/src/data/shot-type-dataset/trailer_v2/tt0099487/shot_0010.mp4,Push
/home/app/src/data/shot-type-dataset/trailer_v2/tt1380275/shot_0005.mp4,Push
/home/app/src/data/shot-type-dataset/trailer_v2/tt0094332/shot_0013.mp4,Push
/home/app/src/data/shot-type-dataset/trailer_v2/tt2820466/shot_0029.mp4,Push
/home/app/src/data/shot-type-dataset/trailer_v2/tt4306300/shot_0010.mp4,Push
/home/app/src/data/shot-type-dataset/trailer_v2/tt3358874/shot_0022.mp4,Push
/home/app/src/data/shot-type-dataset/trailer_v2/tt1291549/shot_0005.mp4,Push
/home/app/src/data/shot-type-dataset/trailer_v2/tt1322313/shot_0003.mp4,Push
/home/app/src/data/shot-type-dataset/trailer_v2/tt1978451/shot_0042.mp4,Push
/home/app/src/data/shot-type-dataset/trailer_v2/tt2380426/shot_0063.mp4,Push
/home/app/src/data/shot-type-dataset/trailer_v2/tt2400555/shot_0013.mp4,Push
/home/app/src/data/shot-type-dataset/trailer_v2/tt2400555/shot_0058.mp4,Push
/home/app/src/data/shot-type-dataset/trailer_v2/tt2772978/shot_0027.mp4,Push
/home/app/src/data/shot-type-dataset/trailer_v2/tt0251160/shot_0032.mp4,Push
/home/app/src/data/shot-type-dataset/trailer_v2/tt0083096/shot_0011.mp4,Push
/home/app/src/data/shot-type-dataset/trailer_v2/tt0083096/shot_0012.mp4,Push
/home/app/src/data/shot-type-dataset/trailer_v2/tt0083096/shot_0026.mp4,Push
/home/app/src/data/shot-type-dataset/trailer_v2/tt5096600/shot_0026.mp4,Push
/home/app/src/data/shot-type-dataset/trailer_v2/tt0103874/shot_0011.mp4,Push
/home/app/src/data/shot-type-dataset/trailer_v2/tt0103874/shot_0081.mp4,Push
/home/app/src/data/shot-type-dataset/trailer_v2/tt4448050/shot_0004.mp4,Push
/home/app/src/data/shot-type-dataset/trailer_v2/tt1092633/shot_0026.mp4,Push
/home/app/src/data/shot-type-dataset/trailer_v2/tt0120689/shot_0031.mp4,Push
/home/app/src/data/shot-type-dataset/trailer_v2/tt0092675/shot_0013.mp4,Push
/home/app/src/data/shot-type-dataset/trailer_v2/tt2294679/shot_0025.mp4,Push
/home/app/src/data/shot-type-dataset/trailer_v2/tt5658124/shot_0015.mp4,Push
/home/app/src/data/shot-type-dataset/trailer_v2/tt5658124/shot_0027.mp4,Push
/home/app/src/data/shot-type-dataset/trailer_v2/tt5354664/shot_0007.mp4,Push
/home/app/src/data/shot-type-dataset/trailer_v2/tt5165344/shot_0115.mp4,Push
/home/app/src/data/shot-type-dataset/trailer_v2/tt3910602/shot_0020.mp4,Push
/home/app/src/data/shot-type-dataset/trailer_v2/tt3910602/shot_0027.mp4,Push
/home/app/src/data/shot-type-dataset/trailer_v2/tt0087520/shot_0018.mp4,Push
/home/app/src/data/shot-type-dataset/trailer_v2/tt4569750/shot_0006.mp4,Push
/home/app/src/data/shot-type-dataset/trailer_v2/tt4569750/shot_0010.mp4,Push
/home/app/src/data/shot-type-dataset/trailer_v2/tt5275830/shot_0016.mp4,Push
/home/app/src/data/shot-type-dataset/trailer_v2/tt4071282/shot_0061.mp4,Push
/home/app/src/data/shot-type-dataset/trailer_v2/tt5325210/shot_0007.mp4,Push
/home/app/src/data/shot-type-dataset/trailer_v2/tt0088275/shot_0010.mp4,Push
/home/app/src/data/shot-type-dataset/trailer_v2/tt0088275/shot_0011.mp4,Push
/home/app/src/data/shot-type-dataset/trailer_v2/tt1928330/shot_0003.mp4,Push
/home/app/src/data/shot-type-dataset/trailer_v2/tt1920910/shot_0031.mp4,Push
/home/app/src/data/shot-type-dataset/trailer_v2/tt1798243/shot_0046.mp4,Push
/home/app/src/data/shot-type-dataset/trailer_v2/tt1827579/shot_0009.mp4,Push
/home/app/src/data/shot-type-dataset/trailer_v2/tt1135503/shot_0013.mp4,Push
/home/app/src/data/shot-type-dataset/trailer_v2/tt1581845/shot_0013.mp4,Push
/home/app/src/data/shot-type-dataset/trailer_v2/tt1581845/shot_0042.mp4,Push
/home/app/src/data/shot-type-dataset/trailer_v2/tt1822203/shot_0009.mp4,Push
/home/app/src/data/shot-type-dataset/trailer_v2/tt2219252/shot_0014.mp4,Push
/home/app/src/data/shot-type-dataset/trailer_v2/tt3677832/shot_0004.mp4,Push
/home/app/src/data/shot-type-dataset/trailer_v2/tt3677832/shot_0007.mp4,Push
/home/app/src/data/shot-type-dataset/trailer_v2/tt3677832/shot_0009.mp4,Push
/home/app/src/data/shot-type-dataset/trailer_v2/tt3677832/shot_0018.mp4,Push
/home/app/src/data/shot-type-dataset/trailer_v2/tt4415360/shot_0020.mp4,Push
/home/app/src/data/shot-type-dataset/trailer_v2/tt2378191/shot_0015.mp4,Push
/home/app/src/data/shot-type-dataset/trailer_v2/tt3401882/shot_0005.mp4,Push
/home/app/src/data/shot-type-dataset/trailer_v2/tt0876572/shot_0034.mp4,Push
/home/app/src/data/shot-type-dataset/trailer_v2/tt6158604/shot_0016.mp4,Push
/home/app/src/data/shot-type-dataset/trailer_v2/tt4797436/shot_0034.mp4,Push
/home/app/src/data/shot-type-dataset/trailer_v2/tt0082842/shot_0006.mp4,Push
/home/app/src/data/shot-type-dataset/trailer_v2/tt0082842/shot_0020.mp4,Push
/home/app/src/data/shot-type-dataset/trailer_v2/tt1116184/shot_0024.mp4,Push
/home/app/src/data/shot-type-dataset/trailer_v2/tt4114612/shot_0021.mp4,Push
/home/app/src/data/shot-type-dataset/trailer_v2/tt0094862/shot_0013.mp4,Push
/home/app/src/data/shot-type-dataset/trailer_v2/tt1439509/shot_0013.mp4,Push
/home/app/src/data/shot-type-dataset/trailer_v2/tt1185344/shot_0053.mp4,Push
/home/app/src/data/shot-type-dataset/trailer_v2/tt1380784/shot_0056.mp4,Push
/home/app/src/data/shot-type-dataset/trailer_v2/tt2855724/shot_0053.mp4,Push
/home/app/src/data/shot-type-dataset/trailer_v2/tt1276962/shot_0042.mp4,Push
/home/app/src/data/shot-type-dataset/trailer_v2/tt2759652/shot_0013.mp4,Push
/home/app/src/data/shot-type-dataset/trailer_v2/tt2759652/shot_0028.mp4,Push
/home/app/src/data/shot-type-dataset/trailer_v2/tt1505384/shot_0002.mp4,Push
/home/app/src/data/shot-type-dataset/trailer_v2/tt1505384/shot_0008.mp4,Push
/home/app/src/data/shot-type-dataset/trailer_v2/tt1505384/shot_0017.mp4,Push
/home/app/src/data/shot-type-dataset/trailer_v2/tt1671582/shot_0012.mp4,Push
/home/app/src/data/shot-type-dataset/trailer_v2/tt3156578/shot_0027.mp4,Push
/home/app/src/data/shot-type-dataset/trailer_v2/tt3156578/shot_0055.mp4,Push
/home/app/src/data/shot-type-dataset/trailer_v2/tt3156578/shot_0058.mp4,Push
/home/app/src/data/shot-type-dataset/trailer_v2/tt4976984/shot_0063.mp4,Push
/home/app/src/data/shot-type-dataset/trailer_v2/tt4819880/shot_0018.mp4,Push
/home/app/src/data/shot-type-dataset/trailer_v2/tt1320254/shot_0049.mp4,Push
/home/app/src/data/shot-type-dataset/trailer_v2/tt0899172/shot_0010.mp4,Push
/home/app/src/data/shot-type-dataset/trailer_v2/tt6029122/shot_0001.mp4,Push
/home/app/src/data/shot-type-dataset/trailer_v2/tt3591988/shot_0005.mp4,Push
/home/app/src/data/shot-type-dataset/trailer_v2/tt1866205/shot_0002.mp4,Push
/home/app/src/data/shot-type-dataset/trailer_v2/tt2113683/shot_0002.mp4,Push
/home/app/src/data/shot-type-dataset/trailer_v2/tt3594780/shot_0038.mp4,Push
/home/app/src/data/shot-type-dataset/trailer_v2/tt3764970/shot_0056.mp4,Push
/home/app/src/data/shot-type-dataset/trailer_v2/tt4156148/shot_0014.mp4,Push
/home/app/src/data/shot-type-dataset/trailer_v2/tt2127268/shot_0009.mp4,Push
/home/app/src/data/shot-type-dataset/trailer_v2/tt5442430/shot_0016.mp4,Push
/home/app/src/data/shot-type-dataset/trailer_v2/tt0069495/shot_0008.mp4,Push
/home/app/src/data/shot-type-dataset/trailer_v2/tt0069495/shot_0025.mp4,Push
/home/app/src/data/shot-type-dataset/trailer_v2/tt4112208/shot_0031.mp4,Push
/home/app/src/data/shot-type-dataset/trailer_v2/tt0810900/shot_0063.mp4,Push
/home/app/src/data/shot-type-dataset/trailer_v2/tt1656194/shot_0005.mp4,Push
/home/app/src/data/shot-type-dataset/trailer_v2/tt1571408/shot_0012.mp4,Push
/home/app/src/data/shot-type-dataset/trailer_v2/tt1736555/shot_0009.mp4,Push
/home/app/src/data/shot-type-dataset/trailer_v2/tt2359427/shot_0044.mp4,Push
/home/app/src/data/shot-type-dataset/trailer_v2/tt2010939/shot_0011.mp4,Push
/home/app/src/data/shot-type-dataset/trailer_v2/tt2010939/shot_0024.mp4,Push
/home/app/src/data/shot-type-dataset/trailer_v2/tt1773041/shot_0004.mp4,Push
/home/app/src/data/shot-type-dataset/trailer_v2/tt3079782/shot_0007.mp4,Push
/home/app/src/data/shot-type-dataset/trailer_v2/tt0110057/shot_0027.mp4,Push
/home/app/src/data/shot-type-dataset/trailer_v2/tt2355775/shot_0043.mp4,Push
/home/app/src/data/shot-type-dataset/trailer_v2/tt2786780/shot_0020.mp4,Push
/home/app/src/data/shot-type-dataset/trailer_v2/tt1758689/shot_0026.mp4,Push
/home/app/src/data/shot-type-dataset/trailer_v2/tt2093109/shot_0059.mp4,Push
/home/app/src/data/shot-type-dataset/trailer_v2/tt1866197/shot_0080.mp4,Push
/home/app/src/data/shot-type-dataset/trailer_v2/tt2248028/shot_0046.mp4,Push
/home/app/src/data/shot-type-dataset/trailer_v2/tt2119373/shot_0029.mp4,Push
/home/app/src/data/shot-type-dataset/trailer_v2/tt2119373/shot_0035.mp4,Push
/home/app/src/data/shot-type-dataset/trailer_v2/tt2385522/shot_0009.mp4,Push
/home/app/src/data/shot-type-dataset/trailer_v2/tt2265495/shot_0002.mp4,Push
/home/app/src/data/shot-type-dataset/trailer_v2/tt2265495/shot_0004.mp4,Push
/home/app/src/data/shot-type-dataset/trailer_v2/tt2265495/shot_0006.mp4,Push
/home/app/src/data/shot-type-dataset/trailer_v2/tt1699160/shot_0003.mp4,Push
/home/app/src/data/shot-type-dataset/trailer_v2/tt0385004/shot_0036.mp4,Push
/home/app/src/data/shot-type-dataset/trailer_v2/tt2833768/shot_0034.mp4,Push
/home/app/src/data/shot-type-dataset/trailer_v2/tt0486583/shot_0065.mp4,Push
/home/app/src/data/shot-type-dataset/trailer_v2/tt2570858/shot_0005.mp4,Push
/home/app/src/data/shot-type-dataset/trailer_v2/tt2570858/shot_0022.mp4,Push
/home/app/src/data/shot-type-dataset/trailer_v2/tt2570858/shot_0049.mp4,Push
/home/app/src/data/shot-type-dataset/trailer_v2/tt4893154/shot_0003.mp4,Push
/home/app/src/data/shot-type-dataset/trailer_v2/tt4893154/shot_0007.mp4,Push
/home/app/src/data/shot-type-dataset/trailer_v2/tt4893154/shot_0008.mp4,Push
/home/app/src/data/shot-type-dataset/trailer_v2/tt4893154/shot_0020.mp4,Push
/home/app/src/data/shot-type-dataset/trailer_v2/tt4893154/shot_0030.mp4,Push
/home/app/src/data/shot-type-dataset/trailer_v2/tt1475400/shot_0051.mp4,Push
/home/app/src/data/shot-type-dataset/trailer_v2/tt1800266/shot_0052.mp4,Push
/home/app/src/data/shot-type-dataset/trailer_v2/tt1985019/shot_0008.mp4,Push
/home/app/src/data/shot-type-dataset/trailer_v2/tt3917210/shot_0015.mp4,Push
/home/app/src/data/shot-type-dataset/trailer_v2/tt1558952/shot_0001.mp4,Push
/home/app/src/data/shot-type-dataset/trailer_v2/tt4294812/shot_0037.mp4,Push
/home/app/src/data/shot-type-dataset/trailer_v2/tt2404233/shot_0011.mp4,Push
/home/app/src/data/shot-type-dataset/trailer_v2/tt1327697/shot_0036.mp4,Push
/home/app/src/data/shot-type-dataset/trailer_v2/tt4882642/shot_0010.mp4,Push
/home/app/src/data/shot-type-dataset/trailer_v2/tt4157220/shot_0089.mp4,Push
/home/app/src/data/shot-type-dataset/trailer_v2/tt3106946/shot_0054.mp4,Push
/home/app/src/data/shot-type-dataset/trailer_v2/tt4174600/shot_0009.mp4,Push
/home/app/src/data/shot-type-dataset/trailer_v2/tt0479547/shot_0028.mp4,Push
/home/app/src/data/shot-type-dataset/trailer_v2/tt0479547/shot_0038.mp4,Push
/home/app/src/data/shot-type-dataset/trailer_v2/tt5068452/shot_0060.mp4,Push
/home/app/src/data/shot-type-dataset/trailer_v2/tt4001078/shot_0008.mp4,Push
/home/app/src/data/shot-type-dataset/trailer_v2/tt3313066/shot_0013.mp4,Push
/home/app/src/data/shot-type-dataset/trailer_v2/tt2147134/shot_0005.mp4,Push
/home/app/src/data/shot-type-dataset/trailer_v2/tt2882854/shot_0075.mp4,Push
/home/app/src/data/shot-type-dataset/trailer_v2/tt2332514/shot_0025.mp4,Push
/home/app/src/data/shot-type-dataset/trailer_v2/tt2451742/shot_0024.mp4,Push
/home/app/src/data/shot-type-dataset/trailer_v2/tt2704752/shot_0002.mp4,Push
/home/app/src/data/shot-type-dataset/trailer_v2/tt2364842/shot_0027.mp4,Push
/home/app/src/data/shot-type-dataset/trailer_v2/tt1670932/shot_0094.mp4,Push
/home/app/src/data/shot-type-dataset/trailer_v2/tt2343713/shot_0035.mp4,Push
/home/app/src/data/shot-type-dataset/trailer_v2/tt3759970/shot_0003.mp4,Push
/home/app/src/data/shot-type-dataset/trailer_v2/tt3759970/shot_0018.mp4,Push
/home/app/src/data/shot-type-dataset/trailer_v2/tt3024364/shot_0061.mp4,Push
/home/app/src/data/shot-type-dataset/trailer_v2/tt2520808/shot_0007.mp4,Push
/home/app/src/data/shot-type-dataset/trailer_v2/tt2139851/shot_0039.mp4,Push
/home/app/src/data/shot-type-dataset/trailer_v2/tt1666801/shot_0057.mp4,Push
/home/app/src/data/shot-type-dataset/trailer_v2/tt1674711/shot_0025.mp4,Push
/home/app/src/data/shot-type-dataset/trailer_v2/tt5489954/shot_0005.mp4,Push
/home/app/src/data/shot-type-dataset/trailer_v2/tt2042559/shot_0019.mp4,Push
/home/app/src/data/shot-type-dataset/trailer_v2/tt2014319/shot_0016.mp4,Push
/home/app/src/data/shot-type-dataset/trailer_v2/tt2014319/shot_0023.mp4,Push
/home/app/src/data/shot-type-dataset/trailer_v2/tt1510907/shot_0026.mp4,Push
/home/app/src/data/shot-type-dataset/trailer_v2/tt1653690/shot_0025.mp4,Push
/home/app/src/data/shot-type-dataset/trailer_v2/tt4021190/shot_0003.mp4,Push
/home/app/src/data/shot-type-dataset/trailer_v2/tt1356790/shot_0019.mp4,Push
/home/app/src/data/shot-type-dataset/trailer_v2/tt0117381/shot_0034.mp4,Push
/home/app/src/data/shot-type-dataset/trailer_v2/tt0082100/shot_0011.mp4,Push
/home/app/src/data/shot-type-dataset/trailer_v2/tt0042393/shot_0033.mp4,Push
/home/app/src/data/shot-type-dataset/trailer_v2/tt0042393/shot_0071.mp4,Push
/home/app/src/data/shot-type-dataset/trailer_v2/tt2980592/shot_0004.mp4,Push
/home/app/src/data/shot-type-dataset/trailer_v2/tt2980592/shot_0018.mp4,Push
/home/app/src/data/shot-type-dataset/trailer_v2/tt3675466/shot_0025.mp4,Push
/home/app/src/data/shot-type-dataset/trailer_v2/tt4067162/shot_0011.mp4,Push
/home/app/src/data/shot-type-dataset/trailer_v2/tt3021360/shot_0030.mp4,Push
/home/app/src/data/shot-type-dataset/trailer_v2/tt0200421/shot_0013.mp4,Push
/home/app/src/data/shot-type-dataset/trailer_v2/tt1530667/shot_0011.mp4,Push
/home/app/src/data/shot-type-dataset/trailer_v2/tt0109129/shot_0009.mp4,Push
/home/app/src/data/shot-type-dataset/trailer_v2/tt0109129/shot_0010.mp4,Push
/home/app/src/data/shot-type-dataset/trailer_v2/tt2347329/shot_0011.mp4,Push
/home/app/src/data/shot-type-dataset/trailer_v2/tt2231705/shot_0007.mp4,Push
/home/app/src/data/shot-type-dataset/trailer_v2/tt2821854/shot_0003.mp4,Push
/home/app/src/data/shot-type-dataset/trailer_v2/tt0129280/shot_0009.mp4,Push
/home/app/src/data/shot-type-dataset/trailer_v2/tt2794596/shot_0022.mp4,Push
/home/app/src/data/shot-type-dataset/trailer_v2/tt3744264/shot_0078.mp4,Push
/home/app/src/data/shot-type-dataset/trailer_v2/tt2185374/shot_0015.mp4,Push
/home/app/src/data/shot-type-dataset/trailer_v2/tt0084296/shot_0012.mp4,Push
/home/app/src/data/shot-type-dataset/trailer_v2/tt2476090/shot_0052.mp4,Push
/home/app/src/data/shot-type-dataset/trailer_v2/tt0396171/shot_0044.mp4,Push
/home/app/src/data/shot-type-dataset/trailer_v2/tt1941627/shot_0005.mp4,Push
/home/app/src/data/shot-type-dataset/trailer_v2/tt3733778/shot_0003.mp4,Push
/home/app/src/data/shot-type-dataset/trailer_v2/tt5377130/shot_0040.mp4,Push
/home/app/src/data/shot-type-dataset/trailer_v2/tt1916749/shot_0058.mp4,Push
/home/app/src/data/shot-type-dataset/trailer_v2/tt3126460/shot_0016.mp4,Push
/home/app/src/data/shot-type-dataset/trailer_v2/tt0080569/shot_0003.mp4,Push
/home/app/src/data/shot-type-dataset/trailer_v2/tt0080569/shot_0037.mp4,Push
/home/app/src/data/shot-type-dataset/trailer_v2/tt2822742/shot_0031.mp4,Push
/home/app/src/data/shot-type-dataset/trailer_v2/tt1527812/shot_0089.mp4,Push
/home/app/src/data/shot-type-dataset/trailer_v2/tt2492916/shot_0032.mp4,Push
/home/app/src/data/shot-type-dataset/trailer_v2/tt0111161/shot_0008.mp4,Push
/home/app/src/data/shot-type-dataset/trailer_v2/tt3044882/shot_0013.mp4,Push
/home/app/src/data/shot-type-dataset/trailer_v2/tt1800307/shot_0052.mp4,Push
/home/app/src/data/shot-type-dataset/trailer_v2/tt4919926/shot_0005.mp4,Push
/home/app/src/data/shot-type-dataset/trailer_v2/tt1587828/shot_0017.mp4,Push
/home/app/src/data/shot-type-dataset/trailer_v2/tt1879022/shot_0003.mp4,Push
/home/app/src/data/shot-type-dataset/trailer_v2/tt4513052/shot_0005.mp4,Push
/home/app/src/data/shot-type-dataset/trailer_v2/tt3513086/shot_0047.mp4,Push
/home/app/src/data/shot-type-dataset/trailer_v2/tt0073482/shot_0003.mp4,Push
/home/app/src/data/shot-type-dataset/trailer_v2/tt2991224/shot_0010.mp4,Push
/home/app/src/data/shot-type-dataset/trailer_v2/tt1300159/shot_0029.mp4,Push
/home/app/src/data/shot-type-dataset/trailer_v2/tt2213938/shot_0007.mp4,Push
/home/app/src/data/shot-type-dataset/trailer_v2/tt2176722/shot_0002.mp4,Push
/home/app/src/data/shot-type-dataset/trailer_v2/tt0098253/shot_0044.mp4,Push
/home/app/src/data/shot-type-dataset/trailer_v2/tt0309150/shot_0004.mp4,Push
/home/app/src/data/shot-type-dataset/trailer_v2/tt4644144/shot_0009.mp4,Push
/home/app/src/data/shot-type-dataset/trailer_v2/tt1366245/shot_0018.mp4,Push
/home/app/src/data/shot-type-dataset/trailer_v2/tt2190116/shot_0010.mp4,Push
/home/app/src/data/shot-type-dataset/trailer_v2/tt2190116/shot_0034.mp4,Push
/home/app/src/data/shot-type-dataset/trailer_v2/tt1935929/shot_0037.mp4,Push
/home/app/src/data/shot-type-dataset/trailer_v2/tt2941260/shot_0102.mp4,Push
/home/app/src/data/shot-type-dataset/trailer_v2/tt2941260/shot_0122.mp4,Push
/home/app/src/data/shot-type-dataset/trailer_v2/tt4428740/shot_0026.mp4,Push
/home/app/src/data/shot-type-dataset/trailer_v2/tt0077294/shot_0005.mp4,Push
/home/app/src/data/shot-type-dataset/trailer_v2/tt1340425/shot_0014.mp4,Push
/home/app/src/data/shot-type-dataset/trailer_v2/tt2505294/shot_0063.mp4,Push
/home/app/src/data/shot-type-dataset/trailer_v2/tt1535616/shot_0002.mp4,Push
/home/app/src/data/shot-type-dataset/trailer_v2/tt3555534/shot_0011.mp4,Push
/home/app/src/data/shot-type-dataset/trailer_v2/tt5000034/shot_0011.mp4,Push
/home/app/src/data/shot-type-dataset/trailer_v2/tt1860260/shot_0001.mp4,Push
/home/app/src/data/shot-type-dataset/trailer_v2/tt2431576/shot_0005.mp4,Push
/home/app/src/data/shot-type-dataset/trailer_v2/tt0067445/shot_0004.mp4,Push
/home/app/src/data/shot-type-dataset/trailer_v2/tt0067445/shot_0032.mp4,Push
/home/app/src/data/shot-type-dataset/trailer_v2/tt6192840/shot_0056.mp4,Push
/home/app/src/data/shot-type-dataset/trailer_v2/tt1345836/shot_0005.mp4,Push
/home/app/src/data/shot-type-dataset/trailer_v2/tt4932286/shot_0035.mp4,Push
/home/app/src/data/shot-type-dataset/trailer_v2/tt1707687/shot_0012.mp4,Push
/home/app/src/data/shot-type-dataset/trailer_v2/tt4045402/shot_0043.mp4,Push
/home/app/src/data/shot-type-dataset/trailer_v2/tt4045402/shot_0072.mp4,Push
/home/app/src/data/shot-type-dataset/trailer_v2/tt2507280/shot_0007.mp4,Push
/home/app/src/data/shot-type-dataset/trailer_v2/tt2083245/shot_0007.mp4,Push
/home/app/src/data/shot-type-dataset/trailer_v2/tt4193176/shot_0024.mp4,Push
/home/app/src/data/shot-type-dataset/trailer_v2/tt3170428/shot_0004.mp4,Push
/home/app/src/data/shot-type-dataset/trailer_v2/tt1776086/shot_0008.mp4,Push
/home/app/src/data/shot-type-dataset/trailer_v2/tt1776086/shot_0013.mp4,Push
/home/app/src/data/shot-type-dataset/trailer_v2/tt1935158/shot_0102.mp4,Push
/home/app/src/data/shot-type-dataset/trailer_v2/tt0097958/shot_0042.mp4,Push
/home/app/src/data/shot-type-dataset/trailer_v2/tt5568716/shot_0017.mp4,Push
/home/app/src/data/shot-type-dataset/trailer_v2/tt5165936/shot_0073.mp4,Push
/home/app/src/data/shot-type-dataset/trailer_v2/tt2302857/shot_0005.mp4,Push
/home/app/src/data/shot-type-dataset/trailer_v2/tt5837818/shot_0010.mp4,Push
/home/app/src/data/shot-type-dataset/trailer_v2/tt3730162/shot_0036.mp4,Push
/home/app/src/data/shot-type-dataset/trailer_v2/tt0098320/shot_0013.mp4,Push
/home/app/src/data/shot-type-dataset/trailer_v2/tt1871296/shot_0018.mp4,Push
/home/app/src/data/shot-type-dataset/trailer_v2/tt0094035/shot_0015.mp4,Push
/home/app/src/data/shot-type-dataset/trailer_v2/tt5345456/shot_0002.mp4,Push
/home/app/src/data/shot-type-dataset/trailer_v2/tt5345456/shot_0003.mp4,Push
/home/app/src/data/shot-type-dataset/trailer_v2/tt2630716/shot_0021.mp4,Push
/home/app/src/data/shot-type-dataset/trailer_v2/tt2205238/shot_0009.mp4,Push
/home/app/src/data/shot-type-dataset/trailer_v2/tt5176604/shot_0034.mp4,Push
/home/app/src/data/shot-type-dataset/trailer_v2/tt4486006/shot_0005.mp4,Push
/home/app/src/data/shot-type-dataset/trailer_v2/tt4486006/shot_0020.mp4,Push
/home/app/src/data/shot-type-dataset/trailer_v2/tt1951216/shot_0018.mp4,Push
/home/app/src/data/shot-type-dataset/trailer_v2/tt3481338/shot_0017.mp4,Push
/home/app/src/data/shot-type-dataset/trailer_v2/tt3283714/shot_0056.mp4,Push
/home/app/src/data/shot-type-dataset/trailer_v2/tt4819498/shot_0033.mp4,Push
/home/app/src/data/shot-type-dataset/trailer_v2/tt1391092/shot_0047.mp4,Push
/home/app/src/data/shot-type-dataset/trailer_v2/tt2275543/shot_0007.mp4,Push
/home/app/src/data/shot-type-dataset/trailer_v2/tt0243664/shot_0015.mp4,Push
/home/app/src/data/shot-type-dataset/trailer_v2/tt0494716/shot_0030.mp4,Push
/home/app/src/data/shot-type-dataset/trailer_v2/tt1515892/shot_0016.mp4,Push
/home/app/src/data/shot-type-dataset/trailer_v2/tt3406920/shot_0015.mp4,Push
/home/app/src/data/shot-type-dataset/trailer_v2/tt5234766/shot_0015.mp4,Push
/home/app/src/data/shot-type-dataset/trailer_v2/tt1935074/shot_0048.mp4,Push
/home/app/src/data/shot-type-dataset/trailer_v2/tt3013938/shot_0044.mp4,Push
/home/app/src/data/shot-type-dataset/trailer_v2/tt2210823/shot_0066.mp4,Push
/home/app/src/data/shot-type-dataset/trailer_v2/tt2278668/shot_0030.mp4,Push
/home/app/src/data/shot-type-dataset/trailer_v2/tt3033536/shot_0025.mp4,Push
/home/app/src/data/shot-type-dataset/trailer_v2/tt3033536/shot_0057.mp4,Push
/home/app/src/data/shot-type-dataset/trailer_v2/tt6163904/shot_0027.mp4,Push
/home/app/src/data/shot-type-dataset/trailer_v2/tt3527510/shot_0006.mp4,Push
/home/app/src/data/shot-type-dataset/trailer_v2/tt3292146/shot_0003.mp4,Push
/home/app/src/data/shot-type-dataset/trailer_v2/tt1692889/shot_0032.mp4,Push
/home/app/src/data/shot-type-dataset/trailer_v2/tt2061843/shot_0020.mp4,Push
/home/app/src/data/shot-type-dataset/trailer_v2/tt2291950/shot_0020.mp4,Push
/home/app/src/data/shot-type-dataset/trailer_v2/tt2291950/shot_0028.mp4,Push
/home/app/src/data/shot-type-dataset/trailer_v2/tt3349728/shot_0032.mp4,Push
/home/app/src/data/shot-type-dataset/trailer_v2/tt4273188/shot_0011.mp4,Push
/home/app/src/data/shot-type-dataset/trailer_v2/tt1883160/shot_0030.mp4,Push
/home/app/src/data/shot-type-dataset/trailer_v2/tt5336902/shot_0041.mp4,Push
/home/app/src/data/shot-type-dataset/trailer_v2/tt2298537/shot_0019.mp4,Push
/home/app/src/data/shot-type-dataset/trailer_v2/tt2645124/shot_0004.mp4,Push
/home/app/src/data/shot-type-dataset/trailer_v2/tt1912518/shot_0059.mp4,Push
/home/app/src/data/shot-type-dataset/trailer_v2/tt1090749/shot_0022.mp4,Push
/home/app/src/data/shot-type-dataset/trailer_v2/tt3378536/shot_0006.mp4,Push
/home/app/src/data/shot-type-dataset/trailer_v2/tt1957898/shot_0018.mp4,Push
/home/app/src/data/shot-type-dataset/trailer_v2/tt5076792/shot_0062.mp4,Push
/home/app/src/data/shot-type-dataset/trailer_v2/tt1568346/shot_0012.mp4,Push
/home/app/src/data/shot-type-dataset/trailer_v2/tt5628044/shot_0015.mp4,Push
/home/app/src/data/shot-type-dataset/trailer_v2/tt5309954/shot_0013.mp4,Push
/home/app/src/data/shot-type-dataset/trailer_v2/tt3819182/shot_0047.mp4,Push
/home/app/src/data/shot-type-dataset/trailer_v2/tt0117913/shot_0090.mp4,Push
/home/app/src/data/shot-type-dataset/trailer_v2/tt3177332/shot_0024.mp4,Push
/home/app/src/data/shot-type-dataset/trailer_v2/tt2358891/shot_0034.mp4,Push
/home/app/src/data/shot-type-dataset/trailer_v2/tt3087700/shot_0028.mp4,Push
/home/app/src/data/shot-type-dataset/trailer_v2/tt3477732/shot_0060.mp4,Push
/home/app/src/data/shot-type-dataset/trailer_v2/tt3259484/shot_0021.mp4,Push
/home/app/src/data/shot-type-dataset/trailer_v2/tt1619891/shot_0022.mp4,Push
/home/app/src/data/shot-type-dataset/trailer_v2/tt1545324/shot_0015.mp4,Push
/home/app/src/data/shot-type-dataset/trailer_v2/tt1971558/shot_0027.mp4,Push
/home/app/src/data/shot-type-dataset/trailer_v2/tt2554118/shot_0013.mp4,Push
/home/app/src/data/shot-type-dataset/trailer_v2/tt4840170/shot_0050.mp4,Push
/home/app/src/data/shot-type-dataset/trailer_v2/tt0117283/shot_0015.mp4,Push
/home/app/src/data/shot-type-dataset/trailer_v2/tt0084726/shot_0006.mp4,Push
/home/app/src/data/shot-type-dataset/trailer_v2/tt2294619/shot_0024.mp4,Push
/home/app/src/data/shot-type-dataset/trailer_v2/tt1446673/shot_0119.mp4,Push
/home/app/src/data/shot-type-dataset/trailer_v2/tt2514162/shot_0006.mp4,Push
/home/app/src/data/shot-type-dataset/trailer_v2/tt5511546/shot_0053.mp4,Push
/home/app/src/data/shot-type-dataset/trailer_v2/tt3548442/shot_0006.mp4,Push
/home/app/src/data/shot-type-dataset/trailer_v2/tt1989454/shot_0023.mp4,Push
/home/app/src/data/shot-type-dataset/trailer_v2/tt2300684/shot_0015.mp4,Push
/home/app/src/data/shot-type-dataset/trailer_v2/tt1507256/shot_0004.mp4,Push
/home/app/src/data/shot-type-dataset/trailer_v2/tt1507256/shot_0051.mp4,Push
/home/app/src/data/shot-type-dataset/trailer_v2/tt1051241/shot_0043.mp4,Push
/home/app/src/data/shot-type-dataset/trailer_v2/tt3704248/shot_0021.mp4,Push
/home/app/src/data/shot-type-dataset/trailer_v2/tt5792702/shot_0007.mp4,Push
/home/app/src/data/shot-type-dataset/trailer_v2/tt1872152/shot_0018.mp4,Push
/home/app/src/data/shot-type-dataset/trailer_v2/tt5539186/shot_0018.mp4,Push
/home/app/src/data/shot-type-dataset/trailer_v2/tt4106028/shot_0032.mp4,Push
/home/app/src/data/shot-type-dataset/trailer_v2/tt3272570/shot_0061.mp4,Push
/home/app/src/data/shot-type-dataset/trailer_v2/tt2659070/shot_0025.mp4,Push
/home/app/src/data/shot-type-dataset/trailer_v2/tt1897976/shot_0023.mp4,Push
/home/app/src/data/shot-type-dataset/trailer_v2/tt2130321/shot_0031.mp4,Push
/home/app/src/data/shot-type-dataset/trailer_v2/tt0071939/shot_0077.mp4,Push
/home/app/src/data/shot-type-dataset/trailer_v2/tt4964580/shot_0029.mp4,Push
/home/app/src/data/shot-type-dataset/trailer_v2/tt5157030/shot_0004.mp4,Push
/home/app/src/data/shot-type-dataset/trailer_v2/tt2714900/shot_0090.mp4,Push
/home/app/src/data/shot-type-dataset/trailer_v2/tt2260254/shot_0023.mp4,Push
/home/app/src/data/shot-type-dataset/trailer_v2/tt4054004/shot_0018.mp4,Push
/home/app/src/data/shot-type-dataset/trailer_v2/tt2304915/shot_0014.mp4,Push
/home/app/src/data/shot-type-dataset/trailer_v2/tt2287891/shot_0017.mp4,Push
/home/app/src/data/shot-type-dataset/trailer_v2/tt2180317/shot_0049.mp4,Push
/home/app/src/data/shot-type-dataset/trailer_v2/tt0085154/shot_0005.mp4,Push
/home/app/src/data/shot-type-dataset/trailer_v2/tt4764942/shot_0023.mp4,Push
/home/app/src/data/shot-type-dataset/trailer_v2/tt0932519/shot_0001.mp4,Push
/home/app/src/data/shot-type-dataset/trailer_v2/tt2040281/shot_0056.mp4,Push
/home/app/src/data/shot-type-dataset/trailer_v2/tt2039369/shot_0045.mp4,Push
/home/app/src/data/shot-type-dataset/trailer_v2/tt2078613/shot_0007.mp4,Push
/home/app/src/data/shot-type-dataset/trailer_v2/tt1813561/shot_0015.mp4,Push
/home/app/src/data/shot-type-dataset/trailer_v2/tt2866660/shot_0011.mp4,Push
/home/app/src/data/shot-type-dataset/trailer_v2/tt4902012/shot_0042.mp4,Push
/home/app/src/data/shot-type-dataset/trailer_v2/tt1787926/shot_0037.mp4,Push
/home/app/src/data/shot-type-dataset/trailer_v2/tt0151568/shot_0050.mp4,Push
/home/app/src/data/shot-type-dataset/trailer_v2/tt3009714/shot_0037.mp4,Push
/home/app/src/data/shot-type-dataset/trailer_v2/tt5376232/shot_0008.mp4,Push
/home/app/src/data/shot-type-dataset/trailer_v2/tt2309260/shot_0024.mp4,Push
/home/app/src/data/shot-type-dataset/trailer_v2/tt3488668/shot_0065.mp4,Push
/home/app/src/data/shot-type-dataset/trailer_v2/tt2735292/shot_0003.mp4,Push
/home/app/src/data/shot-type-dataset/trailer_v2/tt2565650/shot_0035.mp4,Push
/home/app/src/data/shot-type-dataset/trailer_v2/tt2073679/shot_0017.mp4,Push
/home/app/src/data/shot-type-dataset/trailer_v2/tt4169032/shot_0014.mp4,Push
/home/app/src/data/shot-type-dataset/trailer_v2/tt0243493/shot_0019.mp4,Push
/home/app/src/data/shot-type-dataset/trailer_v2/tt2049543/shot_0010.mp4,Push
/home/app/src/data/shot-type-dataset/trailer_v2/tt2005151/shot_0011.mp4,Push
/home/app/src/data/shot-type-dataset/trailer_v2/tt2525342/shot_0022.mp4,Push
/home/app/src/data/shot-type-dataset/trailer_v2/tt0091647/shot_0038.mp4,Push
/home/app/src/data/shot-type-dataset/trailer_v2/tt3224258/shot_0078.mp4,Push
/home/app/src/data/shot-type-dataset/trailer_v2/tt4452638/shot_0011.mp4,Push
/home/app/src/data/shot-type-dataset/trailer_v2/tt5706328/shot_0018.mp4,Push
/home/app/src/data/shot-type-dataset/trailer_v2/tt3445492/shot_0037.mp4,Push
/home/app/src/data/shot-type-dataset/trailer_v2/tt0087363/shot_0021.mp4,Push
/home/app/src/data/shot-type-dataset/trailer_v2/tt5463876/shot_0012.mp4,Push
/home/app/src/data/shot-type-dataset/trailer_v2/tt4846356/shot_0020.mp4,Push
/home/app/src/data/shot-type-dataset/trailer_v2/tt4846356/shot_0031.mp4,Push
/home/app/src/data/shot-type-dataset/trailer_v2/tt0790788/shot_0009.mp4,Push
/home/app/src/data/shot-type-dataset/trailer_v2/tt3133806/shot_0017.mp4,Push
/home/app/src/data/shot-type-dataset/trailer_v2/tt3458118/shot_0042.mp4,Push
/home/app/src/data/shot-type-dataset/trailer_v2/tt5335128/shot_0043.mp4,Push
/home/app/src/data/shot-type-dataset/trailer_v2/tt0212346/shot_0087.mp4,Push
/home/app/src/data/shot-type-dataset/trailer_v2/tt4587366/shot_0053.mp4,Push
/home/app/src/data/shot-type-dataset/trailer_v2/tt5836980/shot_0037.mp4,Push
/home/app/src/data/shot-type-dataset/trailer_v2/tt1420543/shot_0005.mp4,Push
/home/app/src/data/shot-type-dataset/trailer_v2/tt1961295/shot_0126.mp4,Push
/home/app/src/data/shot-type-dataset/trailer_v2/tt1822394/shot_0003.mp4,Push
/home/app/src/data/shot-type-dataset/trailer_v2/tt0094226/shot_0016.mp4,Push
/home/app/src/data/shot-type-dataset/trailer_v2/tt1945228/shot_0026.mp4,Push
/home/app/src/data/shot-type-dataset/trailer_v2/tt1896788/shot_0024.mp4,Push
/home/app/src/data/shot-type-dataset/trailer_v2/tt0388419/shot_0003.mp4,Push
/home/app/src/data/shot-type-dataset/trailer_v2/tt1386683/shot_0003.mp4,Push
/home/app/src/data/shot-type-dataset/trailer_v2/tt1521090/shot_0006.mp4,Push
/home/app/src/data/shot-type-dataset/trailer_v2/tt1672087/shot_0023.mp4,Push
/home/app/src/data/shot-type-dataset/trailer_v2/tt1663203/shot_0026.mp4,Push
/home/app/src/data/shot-type-dataset/trailer_v2/tt3417470/shot_0024.mp4,Push
/home/app/src/data/shot-type-dataset/trailer_v2/tt1776182/shot_0066.mp4,Push
/home/app/src/data/shot-type-dataset/trailer_v2/tt4592042/shot_0047.mp4,Push
/home/app/src/data/shot-type-dataset/trailer_v2/tt2177843/shot_0011.mp4,Push
/home/app/src/data/shot-type-dataset/trailer_v2/tt2177843/shot_0012.mp4,Push
/home/app/src/data/shot-type-dataset/trailer_v2/tt2177843/shot_0021.mp4,Push
/home/app/src/data/shot-type-dataset/trailer_v2/tt3063462/shot_0029.mp4,Push
/home/app/src/data/shot-type-dataset/trailer_v2/tt0351459/shot_0032.mp4,Push
/home/app/src/data/shot-type-dataset/trailer_v2/tt4255628/shot_0013.mp4,Push
/home/app/src/data/shot-type-dataset/trailer_v2/tt1298649/shot_0006.mp4,Push
/home/app/src/data/shot-type-dataset/trailer_v2/tt1156398/shot_0004.mp4,Push
/home/app/src/data/shot-type-dataset/trailer_v2/tt1711525/shot_0040.mp4,Push
/home/app/src/data/shot-type-dataset/trailer_v2/tt2378000/shot_0002.mp4,Push
/home/app/src/data/shot-type-dataset/trailer_v2/tt3711684/shot_0011.mp4,Push
/home/app/src/data/shot-type-dataset/trailer_v2/tt5229082/shot_0004.mp4,Push
/home/app/src/data/shot-type-dataset/trailer_v2/tt1430811/shot_0012.mp4,Push
/home/app/src/data/shot-type-dataset/trailer_v2/tt2088871/shot_0002.mp4,Push
/home/app/src/data/shot-type-dataset/trailer_v2/tt1331025/shot_0082.mp4,Push
/home/app/src/data/shot-type-dataset/trailer_v2/tt5760590/shot_0036.mp4,Push
/home/app/src/data/shot-type-dataset/trailer_v2/tt5075328/shot_0017.mp4,Push
/home/app/src/data/shot-type-dataset/trailer_v2/tt1865403/shot_0040.mp4,Push
/home/app/src/data/shot-type-dataset/trailer_v2/tt2315806/shot_0009.mp4,Push
/home/app/src/data/shot-type-dataset/trailer_v2/tt4292318/shot_0011.mp4,Push
/home/app/src/data/shot-type-dataset/trailer_v2/tt1612793/shot_0034.mp4,Push
/home/app/src/data/shot-type-dataset/trailer_v2/tt1509276/shot_0012.mp4,Push
/home/app/src/data/shot-type-dataset/trailer_v2/tt2788556/shot_0009.mp4,Push
/home/app/src/data/shot-type-dataset/trailer_v2/tt1787660/shot_0068.mp4,Push
/home/app/src/data/shot-type-dataset/trailer_v2/tt5124096/shot_0097.mp4,Push
/home/app/src/data/shot-type-dataset/trailer_v2/tt3953260/shot_0031.mp4,Push
/home/app/src/data/shot-type-dataset/trailer_v2/tt0376873/shot_0034.mp4,Push
/home/app/src/data/shot-type-dataset/trailer_v2/tt1744662/shot_0020.mp4,Push
/home/app/src/data/shot-type-dataset/trailer_v2/tt3993760/shot_0006.mp4,Push
/home/app/src/data/shot-type-dataset/trailer_v2/tt2342047/shot_0010.mp4,Push
/home/app/src/data/shot-type-dataset/trailer_v2/tt1897949/shot_0003.mp4,Push
/home/app/src/data/shot-type-dataset/trailer_v2/tt2231854/shot_0014.mp4,Push
/home/app/src/data/shot-type-dataset/trailer_v2/tt2077904/shot_0066.mp4,Push
/home/app/src/data/shot-type-dataset/trailer_v3/train/shot_tt2005185_0028.mp4,Pull
/home/app/src/data/shot-type-dataset/trailer_v3/train/shot_tt2023561_0060.mp4,Pull
/home/app/src/data/shot-type-dataset/trailer_v3/train/shot_tt2033981_0069.mp4,Pull
/home/app/src/data/shot-type-dataset/trailer_v3/train/shot_tt2049448_0045.mp4,Pull
/home/app/src/data/shot-type-dataset/trailer_v3/train/shot_tt2063834_0077.mp4,Pull
/home/app/src/data/shot-type-dataset/trailer_v3/train/shot_tt2063874_0051.mp4,Pull
/home/app/src/data/shot-type-dataset/trailer_v3/train/shot_tt2070776_0039.mp4,Pull
/home/app/src/data/shot-type-dataset/trailer_v3/train/shot_tt2075172_0007.mp4,Pull
/home/app/src/data/shot-type-dataset/trailer_v3/train/shot_tt2083245_0021.mp4,Pull
/home/app/src/data/shot-type-dataset/trailer_v3/train/shot_tt2091384_0040.mp4,Pull
/home/app/src/data/shot-type-dataset/trailer_v3/train/shot_tt2102472_0014.mp4,Pull
/home/app/src/data/shot-type-dataset/trailer_v3/train/shot_tt2105055_0004.mp4,Pull
/home/app/src/data/shot-type-dataset/trailer_v3/train/shot_tt2112124_0006.mp4,Pull
/home/app/src/data/shot-type-dataset/trailer_v3/train/shot_tt2112343_0036.mp4,Pull
/home/app/src/data/shot-type-dataset/trailer_v3/train/shot_tt2112343_0037.mp4,Pull
/home/app/src/data/shot-type-dataset/trailer_v3/train/shot_tt2112343_0107.mp4,Pull
/home/app/src/data/shot-type-dataset/trailer_v3/train/shot_tt2126235_0042.mp4,Pull
/home/app/src/data/shot-type-dataset/trailer_v3/train/shot_tt2129928_0079.mp4,Pull
/home/app/src/data/shot-type-dataset/trailer_v3/train/shot_tt2179888_0005.mp4,Pull
/home/app/src/data/shot-type-dataset/trailer_v3/train/shot_tt2182241_0060.mp4,Pull
/home/app/src/data/shot-type-dataset/trailer_v3/train/shot_tt2184335_0009.mp4,Pull
/home/app/src/data/shot-type-dataset/trailer_v3/train/shot_tt2191888_0004.mp4,Pull
/home/app/src/data/shot-type-dataset/trailer_v3/train/shot_tt2192002_0002.mp4,Pull
/home/app/src/data/shot-type-dataset/trailer_v3/train/shot_tt2192002_0021.mp4,Pull
/home/app/src/data/shot-type-dataset/trailer_v3/train/shot_tt2215348_0015.mp4,Pull
/home/app/src/data/shot-type-dataset/trailer_v3/train/shot_tt2233406_0046.mp4,Pull
/home/app/src/data/shot-type-dataset/trailer_v3/train/shot_tt2261331_0048.mp4,Pull
/home/app/src/data/shot-type-dataset/trailer_v3/train/shot_tt2272336_0044.mp4,Pull
/home/app/src/data/shot-type-dataset/trailer_v3/train/shot_tt2298780_0042.mp4,Pull
/home/app/src/data/shot-type-dataset/trailer_v3/train/shot_tt2302966_0038.mp4,Pull
/home/app/src/data/shot-type-dataset/trailer_v3/train/shot_tt2327495_0008.mp4,Pull
/home/app/src/data/shot-type-dataset/trailer_v3/train/shot_tt2329188_0072.mp4,Pull
/home/app/src/data/shot-type-dataset/trailer_v3/train/shot_tt2342342_0019.mp4,Pull
/home/app/src/data/shot-type-dataset/trailer_v3/train/shot_tt2342342_0022.mp4,Pull
/home/app/src/data/shot-type-dataset/trailer_v3/train/shot_tt2349952_0008.mp4,Pull
/home/app/src/data/shot-type-dataset/trailer_v3/train/shot_tt2361555_0007.mp4,Pull
/home/app/src/data/shot-type-dataset/trailer_v3/train/shot_tt2361700_0011.mp4,Pull
/home/app/src/data/shot-type-dataset/trailer_v3/train/shot_tt2374721_0000.mp4,Pull
/home/app/src/data/shot-type-dataset/trailer_v3/train/shot_tt2382298_0042.mp4,Pull
/home/app/src/data/shot-type-dataset/trailer_v3/train/shot_tt2395836_0035.mp4,Pull
/home/app/src/data/shot-type-dataset/trailer_v3/train/shot_tt2395993_0011.mp4,Pull
/home/app/src/data/shot-type-dataset/trailer_v3/train/shot_tt2404469_0098.mp4,Pull
/home/app/src/data/shot-type-dataset/trailer_v3/train/shot_tt2418558_0010.mp4,Pull
/home/app/src/data/shot-type-dataset/trailer_v3/train/shot_tt2419640_0037.mp4,Pull
/home/app/src/data/shot-type-dataset/trailer_v3/train/shot_tt2430084_0035.mp4,Pull
/home/app/src/data/shot-type-dataset/trailer_v3/train/shot_tt2433448_0034.mp4,Pull
/home/app/src/data/shot-type-dataset/trailer_v3/train/shot_tt2450258_0090.mp4,Pull
/home/app/src/data/shot-type-dataset/trailer_v3/train/shot_tt2458202_0008.mp4,Pull
/home/app/src/data/shot-type-dataset/trailer_v3/train/shot_tt2477732_0024.mp4,Pull
/home/app/src/data/shot-type-dataset/trailer_v3/train/shot_tt2481198_0086.mp4,Pull
/home/app/src/data/shot-type-dataset/trailer_v3/train/shot_tt2513536_0075.mp4,Pull
/home/app/src/data/shot-type-dataset/trailer_v3/train/shot_tt2542406_0022.mp4,Pull
/home/app/src/data/shot-type-dataset/trailer_v3/train/shot_tt2547942_0008.mp4,Pull
/home/app/src/data/shot-type-dataset/trailer_v3/train/shot_tt2549138_0032.mp4,Pull
/home/app/src/data/shot-type-dataset/trailer_v3/train/shot_tt2554648_0014.mp4,Pull
/home/app/src/data/shot-type-dataset/trailer_v3/train/shot_tt2591732_0057.mp4,Pull
/home/app/src/data/shot-type-dataset/trailer_v3/train/shot_tt2610862_0014.mp4,Pull
/home/app/src/data/shot-type-dataset/trailer_v3/train/shot_tt2630916_0063.mp4,Pull
/home/app/src/data/shot-type-dataset/trailer_v3/train/shot_tt2671776_0035.mp4,Pull
/home/app/src/data/shot-type-dataset/trailer_v3/train/shot_tt2689354_0005.mp4,Pull
/home/app/src/data/shot-type-dataset/trailer_v3/train/shot_tt2704752_0023.mp4,Pull
/home/app/src/data/shot-type-dataset/trailer_v3/train/shot_tt2710614_0053.mp4,Pull
/home/app/src/data/shot-type-dataset/trailer_v3/train/shot_tt2724236_0066.mp4,Pull
/home/app/src/data/shot-type-dataset/trailer_v3/train/shot_tt2776882_0029.mp4,Pull
/home/app/src/data/shot-type-dataset/trailer_v3/train/shot_tt2786278_0049.mp4,Pull
/home/app/src/data/shot-type-dataset/trailer_v3/train/shot_tt2820342_0036.mp4,Pull
/home/app/src/data/shot-type-dataset/trailer_v3/train/shot_tt2820342_0052.mp4,Pull
/home/app/src/data/shot-type-dataset/trailer_v3/train/shot_tt2820342_0088.mp4,Pull
/home/app/src/data/shot-type-dataset/trailer_v3/train/shot_tt2830416_0018.mp4,Pull
/home/app/src/data/shot-type-dataset/trailer_v3/train/shot_tt2911668_0078.mp4,Pull
/home/app/src/data/shot-type-dataset/trailer_v3/train/shot_tt2933544_0020.mp4,Pull
/home/app/src/data/shot-type-dataset/trailer_v3/train/shot_tt2947556_0049.mp4,Pull
/home/app/src/data/shot-type-dataset/trailer_v3/train/shot_tt2957680_0055.mp4,Pull
/home/app/src/data/shot-type-dataset/trailer_v3/train/shot_tt2962932_0013.mp4,Pull
/home/app/src/data/shot-type-dataset/trailer_v3/train/shot_tt2967988_0026.mp4,Pull
/home/app/src/data/shot-type-dataset/trailer_v3/train/shot_tt2969656_0060.mp4,Pull
/home/app/src/data/shot-type-dataset/trailer_v3/train/shot_tt3007150_0044.mp4,Pull
/home/app/src/data/shot-type-dataset/trailer_v3/train/shot_tt3019694_0082.mp4,Pull
/home/app/src/data/shot-type-dataset/trailer_v3/train/shot_tt3032282_0066.mp4,Pull
/home/app/src/data/shot-type-dataset/trailer_v3/train/shot_tt3032282_0080.mp4,Pull
/home/app/src/data/shot-type-dataset/trailer_v3/train/shot_tt3040964_0037.mp4,Pull
/home/app/src/data/shot-type-dataset/trailer_v3/train/shot_tt3041452_0004.mp4,Pull
/home/app/src/data/shot-type-dataset/trailer_v3/train/shot_tt3089326_0019.mp4,Pull
/home/app/src/data/shot-type-dataset/trailer_v3/train/shot_tt3104930_0001.mp4,Pull
/home/app/src/data/shot-type-dataset/trailer_v3/train/shot_tt3145314_0033.mp4,Pull
/home/app/src/data/shot-type-dataset/trailer_v3/train/shot_tt3175438_0056.mp4,Pull
/home/app/src/data/shot-type-dataset/trailer_v3/train/shot_tt3175478_0011.mp4,Pull
/home/app/src/data/shot-type-dataset/trailer_v3/train/shot_tt3204734_0046.mp4,Pull
/home/app/src/data/shot-type-dataset/trailer_v3/train/shot_tt3233224_0066.mp4,Pull
/home/app/src/data/shot-type-dataset/trailer_v3/train/shot_tt3234082_0102.mp4,Pull
/home/app/src/data/shot-type-dataset/trailer_v3/train/shot_tt3246684_0014.mp4,Pull
/home/app/src/data/shot-type-dataset/trailer_v3/train/shot_tt3253624_0055.mp4,Pull
/home/app/src/data/shot-type-dataset/trailer_v3/train/shot_tt3314622_0003.mp4,Pull
/home/app/src/data/shot-type-dataset/trailer_v3/train/shot_tt3321332_0006.mp4,Pull
/home/app/src/data/shot-type-dataset/trailer_v3/train/shot_tt3326366_0034.mp4,Pull
/home/app/src/data/shot-type-dataset/trailer_v3/train/shot_tt3326366_0042.mp4,Pull
/home/app/src/data/shot-type-dataset/trailer_v3/train/shot_tt3328716_0053.mp4,Pull
/home/app/src/data/shot-type-dataset/trailer_v3/train/shot_tt3343350_0036.mp4,Pull
/home/app/src/data/shot-type-dataset/trailer_v3/train/shot_tt3366710_0018.mp4,Pull
/home/app/src/data/shot-type-dataset/trailer_v3/train/shot_tt3371366_0053.mp4,Pull
/home/app/src/data/shot-type-dataset/trailer_v3/train/shot_tt3395184_0047.mp4,Pull
/home/app/src/data/shot-type-dataset/trailer_v3/train/shot_tt3411758_0053.mp4,Pull
/home/app/src/data/shot-type-dataset/trailer_v3/train/shot_tt3418914_0050.mp4,Pull
/home/app/src/data/shot-type-dataset/trailer_v3/train/shot_tt3429298_0107.mp4,Pull
/home/app/src/data/shot-type-dataset/trailer_v3/train/shot_tt3447876_0040.mp4,Pull
/home/app/src/data/shot-type-dataset/trailer_v3/train/shot_tt3448486_0015.mp4,Pull
/home/app/src/data/shot-type-dataset/trailer_v3/train/shot_tt3448486_0020.mp4,Pull
/home/app/src/data/shot-type-dataset/trailer_v3/train/shot_tt3451500_0087.mp4,Pull
/home/app/src/data/shot-type-dataset/trailer_v3/train/shot_tt3470762_0076.mp4,Pull
/home/app/src/data/shot-type-dataset/trailer_v3/train/shot_tt3478232_0001.mp4,Pull
/home/app/src/data/shot-type-dataset/trailer_v3/train/shot_tt3480110_0014.mp4,Pull
/home/app/src/data/shot-type-dataset/trailer_v3/train/shot_tt3492568_0088.mp4,Pull
/home/app/src/data/shot-type-dataset/trailer_v3/train/shot_tt3544008_0040.mp4,Pull
/home/app/src/data/shot-type-dataset/trailer_v3/train/shot_tt3544008_0043.mp4,Pull
/home/app/src/data/shot-type-dataset/trailer_v3/train/shot_tt3578504_0004.mp4,Pull
/home/app/src/data/shot-type-dataset/trailer_v3/train/shot_tt3635788_0023.mp4,Pull
/home/app/src/data/shot-type-dataset/trailer_v3/train/shot_tt3653518_0064.mp4,Pull
/home/app/src/data/shot-type-dataset/trailer_v3/train/shot_tt3655522_0007.mp4,Pull
/home/app/src/data/shot-type-dataset/trailer_v3/train/shot_tt3666526_0034.mp4,Pull
/home/app/src/data/shot-type-dataset/trailer_v3/train/shot_tt3673180_0007.mp4,Pull
/home/app/src/data/shot-type-dataset/trailer_v3/train/shot_tt3677832_0020.mp4,Pull
/home/app/src/data/shot-type-dataset/trailer_v3/train/shot_tt3687398_0003.mp4,Pull
/home/app/src/data/shot-type-dataset/trailer_v3/train/shot_tt3695114_0006.mp4,Pull
/home/app/src/data/shot-type-dataset/trailer_v3/train/shot_tt3695514_0014.mp4,Pull
/home/app/src/data/shot-type-dataset/trailer_v3/train/shot_tt3701566_0011.mp4,Pull
/home/app/src/data/shot-type-dataset/trailer_v3/train/shot_tt3702706_0043.mp4,Pull
/home/app/src/data/shot-type-dataset/trailer_v3/train/shot_tt3708326_0043.mp4,Pull
/home/app/src/data/shot-type-dataset/trailer_v3/train/shot_tt3733622_0004.mp4,Pull
/home/app/src/data/shot-type-dataset/trailer_v3/train/shot_tt3733774_0024.mp4,Pull
/home/app/src/data/shot-type-dataset/trailer_v3/train/shot_tt3741824_0006.mp4,Pull
/home/app/src/data/shot-type-dataset/trailer_v3/train/shot_tt3744098_0002.mp4,Pull
/home/app/src/data/shot-type-dataset/trailer_v3/train/shot_tt3745906_0063.mp4,Pull
/home/app/src/data/shot-type-dataset/trailer_v3/train/shot_tt3748718_0051.mp4,Pull
/home/app/src/data/shot-type-dataset/trailer_v3/train/shot_tt3823042_0024.mp4,Pull
/home/app/src/data/shot-type-dataset/trailer_v3/train/shot_tt3826242_0004.mp4,Pull
/home/app/src/data/shot-type-dataset/trailer_v3/train/shot_tt3893834_0014.mp4,Pull
/home/app/src/data/shot-type-dataset/trailer_v3/train/shot_tt3893834_0033.mp4,Pull
/home/app/src/data/shot-type-dataset/trailer_v3/train/shot_tt3895884_0007.mp4,Pull
/home/app/src/data/shot-type-dataset/trailer_v3/train/shot_tt3907790_0004.mp4,Pull
/home/app/src/data/shot-type-dataset/trailer_v3/train/shot_tt3915966_0023.mp4,Pull
/home/app/src/data/shot-type-dataset/trailer_v3/train/shot_tt3922810_0035.mp4,Pull
/home/app/src/data/shot-type-dataset/trailer_v3/train/shot_tt3958780_0078.mp4,Pull
/home/app/src/data/shot-type-dataset/trailer_v3/train/shot_tt4033834_0021.mp4,Pull
/home/app/src/data/shot-type-dataset/trailer_v3/train/shot_tt4066748_0051.mp4,Pull
/home/app/src/data/shot-type-dataset/trailer_v3/train/shot_tt4125206_0018.mp4,Pull
/home/app/src/data/shot-type-dataset/trailer_v3/train/shot_tt4144932_0016.mp4,Pull
/home/app/src/data/shot-type-dataset/trailer_v3/train/shot_tt4157220_0012.mp4,Pull
/home/app/src/data/shot-type-dataset/trailer_v3/train/shot_tt4183116_0017.mp4,Pull
/home/app/src/data/shot-type-dataset/trailer_v3/train/shot_tt4193176_0016.mp4,Pull
/home/app/src/data/shot-type-dataset/trailer_v3/train/shot_tt4240704_0025.mp4,Pull
/home/app/src/data/shot-type-dataset/trailer_v3/train/shot_tt4256544_0027.mp4,Pull
/home/app/src/data/shot-type-dataset/trailer_v3/train/shot_tt4289100_0005.mp4,Pull
/home/app/src/data/shot-type-dataset/trailer_v3/train/shot_tt4295566_0052.mp4,Pull
/home/app/src/data/shot-type-dataset/trailer_v3/train/shot_tt4305562_0081.mp4,Pull
/home/app/src/data/shot-type-dataset/trailer_v3/train/shot_tt4312676_0074.mp4,Pull
/home/app/src/data/shot-type-dataset/trailer_v3/train/shot_tt4323536_0039.mp4,Pull
/home/app/src/data/shot-type-dataset/trailer_v3/train/shot_tt4420970_0018.mp4,Pull
/home/app/src/data/shot-type-dataset/trailer_v3/train/shot_tt4425064_0002.mp4,Pull
/home/app/src/data/shot-type-dataset/trailer_v3/train/shot_tt4437216_0125.mp4,Pull
/home/app/src/data/shot-type-dataset/trailer_v3/train/shot_tt4535650_0108.mp4,Pull
/home/app/src/data/shot-type-dataset/trailer_v3/train/shot_tt4578118_0083.mp4,Pull
/home/app/src/data/shot-type-dataset/trailer_v3/train/shot_tt4601102_0017.mp4,Pull
/home/app/src/data/shot-type-dataset/trailer_v3/train/shot_tt4632316_0064.mp4,Pull
/home/app/src/data/shot-type-dataset/trailer_v3/train/shot_tt4642936_0041.mp4,Pull
/home/app/src/data/shot-type-dataset/trailer_v3/train/shot_tt4678788_0008.mp4,Pull
/home/app/src/data/shot-type-dataset/trailer_v3/train/shot_tt4694404_0040.mp4,Pull
/home/app/src/data/shot-type-dataset/trailer_v3/train/shot_tt4791594_0031.mp4,Pull
/home/app/src/data/shot-type-dataset/trailer_v3/train/shot_tt4796120_0002.mp4,Pull
/home/app/src/data/shot-type-dataset/trailer_v3/train/shot_tt4807442_0002.mp4,Pull
/home/app/src/data/shot-type-dataset/trailer_v3/train/shot_tt4823524_0003.mp4,Pull
/home/app/src/data/shot-type-dataset/trailer_v3/train/shot_tt4882642_0018.mp4,Pull
/home/app/src/data/shot-type-dataset/trailer_v3/train/shot_tt4938484_0004.mp4,Pull
/home/app/src/data/shot-type-dataset/trailer_v3/train/shot_tt4943594_0005.mp4,Pull
/home/app/src/data/shot-type-dataset/trailer_v3/train/shot_tt4943594_0008.mp4,Pull
/home/app/src/data/shot-type-dataset/trailer_v3/train/shot_tt4969040_0057.mp4,Pull
/home/app/src/data/shot-type-dataset/trailer_v3/train/shot_tt5004422_0034.mp4,Pull
/home/app/src/data/shot-type-dataset/trailer_v3/train/shot_tt5040534_0020.mp4,Pull
/home/app/src/data/shot-type-dataset/trailer_v3/train/shot_tt5056470_0093.mp4,Pull
/home/app/src/data/shot-type-dataset/trailer_v3/train/shot_tt5068452_0007.mp4,Pull
/home/app/src/data/shot-type-dataset/trailer_v3/train/shot_tt5128328_0033.mp4,Pull
/home/app/src/data/shot-type-dataset/trailer_v3/train/shot_tt5135810_0064.mp4,Pull
/home/app/src/data/shot-type-dataset/trailer_v3/train/shot_tt5161502_0021.mp4,Pull
/home/app/src/data/shot-type-dataset/trailer_v3/train/shot_tt5180906_0004.mp4,Pull
/home/app/src/data/shot-type-dataset/trailer_v3/train/shot_tt5213534_0086.mp4,Pull
/home/app/src/data/shot-type-dataset/trailer_v3/train/shot_tt5278464_0043.mp4,Pull
/home/app/src/data/shot-type-dataset/trailer_v3/train/shot_tt5342650_0054.mp4,Pull
/home/app/src/data/shot-type-dataset/trailer_v3/train/shot_tt5354588_0002.mp4,Pull
/home/app/src/data/shot-type-dataset/trailer_v3/train/shot_tt5365004_0088.mp4,Pull
/home/app/src/data/shot-type-dataset/trailer_v3/train/shot_tt5428954_0004.mp4,Pull
/home/app/src/data/shot-type-dataset/trailer_v3/train/shot_tt5440700_0044.mp4,Pull
/home/app/src/data/shot-type-dataset/trailer_v3/train/shot_tt5440700_0086.mp4,Pull
/home/app/src/data/shot-type-dataset/trailer_v3/train/shot_tt5446858_0018.mp4,Pull
/home/app/src/data/shot-type-dataset/trailer_v3/train/shot_tt5492906_0021.mp4,Pull
/home/app/src/data/shot-type-dataset/trailer_v3/train/shot_tt5533990_0000.mp4,Pull
/home/app/src/data/shot-type-dataset/trailer_v3/train/shot_tt5541812_0021.mp4,Pull
/home/app/src/data/shot-type-dataset/trailer_v3/train/shot_tt5712246_0043.mp4,Pull
/home/app/src/data/shot-type-dataset/trailer_v3/train/shot_tt5774012_0001.mp4,Pull
/home/app/src/data/shot-type-dataset/trailer_v3/train/shot_tt5786040_0008.mp4,Pull
/home/app/src/data/shot-type-dataset/trailer_v3/train/shot_tt5795286_0014.mp4,Pull
/home/app/src/data/shot-type-dataset/trailer_v3/train/shot_tt5948916_0036.mp4,Pull
/home/app/src/data/shot-type-dataset/trailer_v3/train/shot_tt6126294_0009.mp4,Pull
/home/app/src/data/shot-type-dataset/trailer_v3/train/shot_tt2073121_0045.mp4,Pull
/home/app/src/data/shot-type-dataset/trailer_v3/train/shot_tt2081178_0025.mp4,Pull
/home/app/src/data/shot-type-dataset/trailer_v3/train/shot_tt2112868_0029.mp4,Pull
/home/app/src/data/shot-type-dataset/trailer_v3/train/shot_tt2202627_0047.mp4,Pull
/home/app/src/data/shot-type-dataset/trailer_v3/train/shot_tt2202627_0086.mp4,Pull
/home/app/src/data/shot-type-dataset/trailer_v3/train/shot_tt2217458_0015.mp4,Pull
/home/app/src/data/shot-type-dataset/trailer_v3/train/shot_tt2247692_0044.mp4,Pull
/home/app/src/data/shot-type-dataset/trailer_v3/train/shot_tt2248566_0021.mp4,Pull
/home/app/src/data/shot-type-dataset/trailer_v3/train/shot_tt2250890_0043.mp4,Pull
/home/app/src/data/shot-type-dataset/trailer_v3/train/shot_tt2323264_0028.mp4,Pull
/home/app/src/data/shot-type-dataset/trailer_v3/train/shot_tt2375791_0025.mp4,Pull
/home/app/src/data/shot-type-dataset/trailer_v3/train/shot_tt2508926_0002.mp4,Pull
/home/app/src/data/shot-type-dataset/trailer_v3/train/shot_tt2547172_0002.mp4,Pull
/home/app/src/data/shot-type-dataset/trailer_v3/train/shot_tt2582500_0041.mp4,Pull
/home/app/src/data/shot-type-dataset/trailer_v3/train/shot_tt2643308_0015.mp4,Pull
/home/app/src/data/shot-type-dataset/trailer_v3/train/shot_tt2679042_0059.mp4,Pull
/home/app/src/data/shot-type-dataset/trailer_v3/train/shot_tt2825924_0037.mp4,Pull
/home/app/src/data/shot-type-dataset/trailer_v3/train/shot_tt2866842_0012.mp4,Pull
/home/app/src/data/shot-type-dataset/trailer_v3/train/shot_tt2956394_0039.mp4,Pull
/home/app/src/data/shot-type-dataset/trailer_v3/train/shot_tt3021744_0053.mp4,Pull
/home/app/src/data/shot-type-dataset/trailer_v3/train/shot_tt3038680_0014.mp4,Pull
/home/app/src/data/shot-type-dataset/trailer_v3/train/shot_tt3056608_0016.mp4,Pull
/home/app/src/data/shot-type-dataset/trailer_v3/train/shot_tt3164056_0004.mp4,Pull
/home/app/src/data/shot-type-dataset/trailer_v3/train/shot_tt3465456_0009.mp4,Pull
/home/app/src/data/shot-type-dataset/trailer_v3/train/shot_tt3528092_0013.mp4,Pull
/home/app/src/data/shot-type-dataset/trailer_v3/train/shot_tt3587714_0010.mp4,Pull
/home/app/src/data/shot-type-dataset/trailer_v3/train/shot_tt3646288_0097.mp4,Pull
/home/app/src/data/shot-type-dataset/trailer_v3/train/shot_tt3672840_0005.mp4,Pull
/home/app/src/data/shot-type-dataset/trailer_v3/train/shot_tt3776826_0029.mp4,Pull
/home/app/src/data/shot-type-dataset/trailer_v3/train/shot_tt3918056_0033.mp4,Pull
/home/app/src/data/shot-type-dataset/trailer_v3/train/shot_tt4245110_0028.mp4,Pull
/home/app/src/data/shot-type-dataset/trailer_v3/train/shot_tt4269238_0032.mp4,Pull
/home/app/src/data/shot-type-dataset/trailer_v3/train/shot_tt4306300_0039.mp4,Pull
/home/app/src/data/shot-type-dataset/trailer_v3/train/shot_tt4396010_0008.mp4,Pull
/home/app/src/data/shot-type-dataset/trailer_v3/train/shot_tt4651410_0070.mp4,Pull
/home/app/src/data/shot-type-dataset/trailer_v3/train/shot_tt4657280_0023.mp4,Pull
/home/app/src/data/shot-type-dataset/trailer_v3/train/shot_tt4677128_0026.mp4,Pull
/home/app/src/data/shot-type-dataset/trailer_v3/train/shot_tt4760108_0001.mp4,Pull
/home/app/src/data/shot-type-dataset/trailer_v3/train/shot_tt4788722_0005.mp4,Pull
/home/app/src/data/shot-type-dataset/trailer_v3/train/shot_tt4917862_0037.mp4,Pull
/home/app/src/data/shot-type-dataset/trailer_v3/train/shot_tt4941698_0036.mp4,Pull
/home/app/src/data/shot-type-dataset/trailer_v3/train/shot_tt5082670_0005.mp4,Pull
/home/app/src/data/shot-type-dataset/trailer_v3/train/shot_tt5085688_0007.mp4,Pull
/home/app/src/data/shot-type-dataset/trailer_v3/train/shot_tt5967998_0022.mp4,Pull
/home/app/src/data/shot-type-dataset/trailer_v3/train/shot_tt5967998_0063.mp4,Pull
/home/app/src/data/shot-type-dataset/trailer_v3/train/shot_tt6210456_0021.mp4,Pull
